Project Name,Package Name,Type Name,LCOM1,LCOM2,LCOM3,LCOM4,LCOM5,YALCOM
lombok,lombok.ant,SimpleTestFormatter,37.0,19.0,4.0,4.0,0.65,0.36363636363636365
lombok,org.mapstruct.ap.spi,AstModifyingAnnotationProcessor,0.0,0.0,1.0,1.0,0.0,-1.0
lombok,org.mapstruct.ap.spi,AstModifyingAnnotationProcessor,0.0,0.0,1.0,1.0,0.0,-1.0
lombok,org.eclipse.jdt.internal.compiler.ast,OperatorIds,0.0,0.0,0.0,0.0,0.0,-1.0
lombok,com.sun.tools.javac.tree,EndPosTable,0.0,0.0,1.0,1.0,0.0,-1.0
lombok,com.sun.tools.javac.tree,DocCommentTable,6.0,0.0,4.0,4.0,0.0,-1.0
lombok,com.sun.tools.javac.tree,JCTree,0.0,0.0,0.0,0.0,0.0,-1.0
lombok,com.sun.tools.javac.tree,JCCompilationUnit,0.0,0.0,0.0,0.0,0.0,-1.0
lombok,com.sun.tools.javac.tree,Visitor,0.0,0.0,0.0,0.0,0.0,-1.0
lombok,com.sun.tools.javac.util,BaseFileObject,0.0,0.0,0.0,0.0,0.0,-1.0
lombok,com.sun.tools.javac.util,Options,36.0,0.0,9.0,9.0,1.125,1.0
lombok,com.sun.tools.javac.util,List,0.0,0.0,0.0,0.0,0.0,-1.0
lombok,com.sun.tools.javac.util,Context,0.0,0.0,0.0,0.0,0.0,-1.0
lombok,com.sun.tools.javac.util,Key,0.0,0.0,0.0,0.0,0.0,-1.0
lombok,com.sun.tools.javac.util,Name,6.0,0.0,4.0,4.0,0.0,1.0
lombok,com.sun.tools.javac.util,JCDiagnostic,0.0,0.0,0.0,0.0,0.0,-1.0
lombok,com.sun.tools.javac.util,DiagnosticPosition,0.0,0.0,0.0,0.0,0.0,-1.0
lombok,com.sun.tools.javac.util,Context,21.0,0.0,7.0,7.0,0.0,1.0
lombok,com.sun.tools.javac.util,Key,0.0,0.0,0.0,0.0,0.0,-1.0
lombok,com.sun.tools.javac.util,Factory,1.0,0.0,2.0,2.0,0.0,-1.0
lombok,com.sun.tools.javac.file,BaseFileObject,0.0,0.0,1.0,1.0,0.0,0.0
lombok,com.sun.tools.javac.file,JavacFileManager,0.0,0.0,0.0,0.0,0.0,-1.0
lombok,com.sun.tools.javac.file,BaseFileManager,3.0,0.0,3.0,3.0,0.0,1.0
lombok,com.sun.tools.javac.file,PathFileObject,0.0,0.0,1.0,1.0,0.0,0.0
lombok,com.sun.tools.javac.code,Symtab,0.0,0.0,9.0,9.0,0.0,0.0
lombok,com.sun.tools.javac.code,Symbol,902.0,901.0,45.0,45.0,1.0,0.9767441860465116
lombok,com.sun.tools.javac.code,TypeSymbol,0.0,0.0,0.0,0.0,0.0,-1.0
lombok,com.sun.tools.javac.code,MethodSymbol,78.0,78.0,13.0,13.0,1.0,1.0
lombok,com.sun.tools.javac.code,VarSymbol,10.0,10.0,6.0,6.0,1.125,1.0
lombok,com.sun.tools.javac.code,ClassSymbol,28.0,0.0,8.0,8.0,0.0,1.0
lombok,com.sun.tools.javac.code,ModuleSymbol,3.0,0.0,3.0,3.0,0.0,1.0
lombok,com.sun.tools.javac.code,Type,0.0,0.0,0.0,0.0,0.0,-1.0
lombok,com.sun.tools.javac.code,Attribute,1.0,0.0,2.0,2.0,0.0,1.0
lombok,com.sun.tools.javac.code,Compound,1.0,0.0,2.0,2.0,0.0,1.0
lombok,com.sun.tools.javac.comp,ArgumentAttr,0.0,0.0,1.0,1.0,0.0,0.0
lombok,com.sun.tools.javac.comp,Todo,0.0,0.0,0.0,0.0,0.0,-1.0
lombok,com.sun.tools.javac.parser,Tokens,10.0,0.0,6.0,6.0,1.25,1.0
lombok,com.sun.tools.javac.parser,Token,0.0,0.0,1.0,1.0,0.0,-1.0
lombok,com.sun.tools.javac.parser,Comment,10.0,0.0,5.0,5.0,0.0,-1.0
lombok,com.sun.tools.javac.parser,Parser,1.0,0.0,2.0,2.0,2.0,1.0
lombok,com.sun.tools.javac.parser,Factory,1.0,0.0,2.0,2.0,2.0,1.0
lombok,com.sun.tools.javac.parser,ParserFactory,0.0,0.0,1.0,1.0,0.0,0.0
lombok,com.sun.tools.javac.parser,Scanner,105.0,0.0,15.0,15.0,1.0714285714285714,1.0
lombok,com.sun.tools.javac.parser,Factory,3.0,0.0,3.0,3.0,1.5,1.0
lombok,com.sun.tools.javac.parser,EndPosParser,6.0,0.0,4.0,4.0,0.0,1.0
lombok,com.sun.tools.javac.parser,JavacParser,3.0,0.0,3.0,3.0,0.0,1.0
lombok,com.sun.tools.javac.parser,ScannerFactory,6.0,0.0,4.0,4.0,1.3333333333333333,1.0
lombok,com.sun.tools.javac.parser,Lexer,0.0,0.0,0.0,0.0,0.0,-1.0
lombok,com.sun.tools.javac.parser,JavaTokenizer,15.0,15.0,6.0,6.0,1.0,1.0
lombok,com.sun.tools.javac.parser,UnicodeReader,3.0,0.0,4.0,4.0,1.5,1.0
lombok,com.sun.tools.javac.parser,DocCommentScanner,6.0,0.0,4.0,4.0,0.0,1.0
lombok,com.sun.tools.javac.parser,Parser,0.0,0.0,0.0,0.0,0.0,-1.0
lombok,com.sun.tools.javac.parser,Factory,0.0,0.0,0.0,0.0,0.0,-1.0
lombok,com.sun.tools.javac.main,JavaCompiler,55.0,0.0,14.0,14.0,1.1,1.0
lombok,com.sun.tools.javac.main,Arguments,10.0,0.0,5.0,5.0,1.25,1.0
lombok,com.sun.tools.javac.main,JavacOption,0.0,0.0,0.0,0.0,0.0,-1.0
lombok,com.sun.tools.javac.main,Option,0.0,0.0,0.0,0.0,0.0,-1.0
lombok,com.sun.tools.javac.main,Option,0.0,0.0,0.0,0.0,0.0,-1.0
lombok,com.sun.tools.javac.main,OptionName,0.0,0.0,0.0,0.0,0.0,-1.0
lombok,com.sun.tools.javadoc,DocCommentScanner,3.0,0.0,3.0,3.0,0.0,1.0
lombok,com.sun.tools.javadoc,Factory,0.0,0.0,1.0,1.0,0.0,0.0
lombok,lombok.launch,MavenEcjBootstrapAgent,3.0,0.0,3.0,3.0,0.5,0.6666666666666666
lombok,lombok.launch,ShadowClassLoader,208.0,185.0,11.0,2.0,0.9494047619047619,0.09090909090909091
lombok,lombok.launch,PackageShader,3.0,0.0,2.0,1.0,0.5555555555555555,0.0
lombok,lombok.launch,Agent,3.0,0.0,3.0,1.0,0.0,0.0
lombok,lombok.launch,ClassFileMetaData,265.0,95.0,5.0,1.0,0.8910344827586207,0.0
lombok,lombok.launch,Main,3.0,0.0,3.0,1.0,0.5,0.0
lombok,lombok.launch,AnnotationProcessorHider,30.0,15.0,5.0,5.0,0.7222222222222222,0.5
lombok,lombok.launch,AstModificationNotifierData,0.0,0.0,0.0,0.0,0.0,-1.0
lombok,lombok.launch,AnnotationProcessor,13.0,0.0,3.0,2.0,0.2857142857142857,0.25
lombok,lombok.launch,ClaimingProcessor,1.0,0.0,2.0,2.0,0.0,1.0
lombok,lombok.launch,PatchFixesHider,3828.0,0.0,88.0,88.0,1.0010946907498632,0.9431818181818182
lombok,lombok.launch,Util,55.0,0.0,11.0,3.0,1.0,0.2727272727272727
lombok,lombok.launch,LombokDeps,6.0,0.0,4.0,4.0,1.0,1.0
lombok,lombok.launch,ModuleClassLoading,0.0,0.0,1.0,1.0,0.0,0.0
lombok,lombok.launch,Transform,3.0,0.0,3.0,1.0,0.5,0.0
lombok,lombok.launch,Delegate,6.0,0.0,4.0,4.0,1.0,1.0
lombok,lombok.launch,ValPortal,6.0,0.0,4.0,4.0,1.0,1.0
lombok,lombok.launch,Val,6.0,0.0,4.0,4.0,1.2,1.0
lombok,lombok.launch,ExtensionMethod,15.0,0.0,6.0,6.0,1.1142857142857143,1.0
lombok,lombok.launch,Javadoc,1.0,0.0,2.0,2.0,-0.0,0.0
lombok,lombok.launch,PatchFixes,741.0,0.0,39.0,38.0,1.0,0.9743589743589743
lombok,lombok.launch,FieldInitializer,3.0,0.0,3.0,3.0,0.6666666666666666,0.0
lombok,lombok.launch,Tests,21.0,0.0,7.0,7.0,0.0,1.0
lombok,lombok,Lombok,6.0,0.0,4.0,3.0,0.0,0.75
lombok,lombok,ConfigurationKeys,0.0,0.0,1.0,1.0,0.0,0.0
lombok,lombok.eclipse,EclipseNode,216.0,201.0,17.0,10.0,0.7619047619047619,0.45454545454545453
lombok,lombok.eclipse,TransformEclipseAST,49.0,7.0,2.0,2.0,0.7472527472527474,0.0
lombok,lombok.eclipse,AnnotationVisitor,1.0,0.0,1.0,1.0,0.14285714285714285,0.0
lombok,lombok.eclipse,EclipseAST,848.0,835.0,34.0,8.0,0.9771341463414634,0.19047619047619047
lombok,lombok.eclipse,EclipseWorkspaceBasedFileResolver,0.0,0.0,1.0,1.0,0.0,0.0
lombok,lombok.eclipse,ParseProblem,0.0,0.0,1.0,1.0,-0.0,0.0
lombok,lombok.eclipse,EcjReflectionCheck,0.0,0.0,0.0,0.0,0.0,-1.0
lombok,lombok.eclipse,EclipseAnnotationHandler,3.0,0.0,3.0,3.0,0.0,1.0
lombok,lombok.eclipse,EclipseImportList,12.0,3.0,3.0,1.0,0.5,0.0
lombok,lombok.eclipse,EclipseASTAdapter,300.0,300.0,25.0,25.0,1.0,1.0
lombok,lombok.eclipse,EclipseAstProblemView,6.0,0.0,4.0,4.0,1.0,1.0
lombok,lombok.eclipse,LombokProblem,3.0,0.0,3.0,3.0,1.0,1.0
lombok,lombok.eclipse,EclipseASTVisitor,1490.0,1269.0,36.0,36.0,0.882183908045977,-1.0
lombok,lombok.eclipse,Printer,340.0,119.0,11.0,6.0,0.7929292929292929,0.17647058823529413
lombok,lombok.eclipse,HandlerLibrary,113.0,73.0,7.0,4.0,0.8823529411764706,0.1111111111111111
lombok,lombok.eclipse,VisitorContainer,1.0,0.0,1.0,1.0,0.6666666666666666,0.0
lombok,lombok.eclipse,AnnotationHandlerContainer,5.0,0.0,1.0,1.0,0.625,0.0
lombok,lombok.eclipse,EcjAugments,1.0,0.0,2.0,2.0,2.0,1.0
lombok,lombok.eclipse,EclipseAugments,0.0,0.0,1.0,1.0,0.0,0.0
lombok,lombok.eclipse,Java14Bits,0.0,0.0,1.0,1.0,0.0,0.0
lombok,lombok.eclipse,Eclipse,91.0,0.0,14.0,10.0,1.029585798816568,0.7142857142857143
lombok,lombok.eclipse.handlers,HandleWithBy,15.0,0.0,6.0,1.0,1.0,0.0
lombok,lombok.eclipse.handlers,HandleUtilityClass,6.0,0.0,4.0,1.0,1.0,0.0
lombok,lombok.eclipse.handlers,HandleStandardException,45.0,0.0,10.0,2.0,0.8666666666666667,0.2
lombok,lombok.eclipse.handlers,HandleWith,15.0,0.0,6.0,1.0,0.0,0.0
lombok,lombok.eclipse.handlers,HandleEqualsAndHashCode,89.0,87.0,12.0,3.0,0.9692307692307692,0.21428571428571427
lombok,lombok.eclipse.handlers,HandleDelegate,0.0,0.0,1.0,1.0,0.0,0.0
lombok,lombok.eclipse.handlers,HandleSynchronized,3.0,0.0,3.0,1.0,1.0,0.0
lombok,lombok.eclipse.handlers,HandleLockedUtil,21.0,0.0,7.0,2.0,1.0,0.2857142857142857
lombok,lombok.eclipse.handlers,HandleJacksonized,3.0,0.0,3.0,1.0,1.0,0.0
lombok,lombok.eclipse.handlers,HandleLog,105.0,0.0,15.0,11.0,1.0,0.7333333333333333
lombok,lombok.eclipse.handlers,HandleCommonsLog,0.0,0.0,1.0,1.0,0.0,0.0
lombok,lombok.eclipse.handlers,HandleJulLog,0.0,0.0,1.0,1.0,0.0,0.0
lombok,lombok.eclipse.handlers,HandleLog4jLog,0.0,0.0,1.0,1.0,0.0,0.0
lombok,lombok.eclipse.handlers,HandleLog4j2Log,0.0,0.0,1.0,1.0,0.0,0.0
lombok,lombok.eclipse.handlers,HandleSlf4jLog,0.0,0.0,1.0,1.0,0.0,0.0
lombok,lombok.eclipse.handlers,HandleXSlf4jLog,0.0,0.0,1.0,1.0,0.0,0.0
lombok,lombok.eclipse.handlers,HandleJBossLog,0.0,0.0,1.0,1.0,0.0,0.0
lombok,lombok.eclipse.handlers,HandleFloggerLog,0.0,0.0,1.0,1.0,0.0,0.0
lombok,lombok.eclipse.handlers,HandleCustomLog,0.0,0.0,1.0,1.0,0.0,0.0
lombok,lombok.eclipse.handlers,HandleData,0.0,0.0,1.0,1.0,0.0,0.0
lombok,lombok.eclipse.handlers,HandleLockedRead,1.0,0.0,2.0,2.0,0.5,0.0
lombok,lombok.eclipse.handlers,HandleToString,21.0,0.0,7.0,5.0,1.0,0.7142857142857143
lombok,lombok.eclipse.handlers,SetGeneratedByVisitor,2737.0,0.0,1.0,1.0,0.7549295774647887,0.0
lombok,lombok.eclipse.handlers,HandleLocked,1.0,0.0,2.0,1.0,0.33333333333333326,0.0
lombok,lombok.eclipse.handlers,HandleExtensionMethod,0.0,0.0,1.0,1.0,0.0,0.0
lombok,lombok.eclipse.handlers,EclipseSingularsRecipes,878.0,810.0,21.0,20.0,0.9435215946843853,0.45454545454545453
lombok,lombok.eclipse.handlers,TypeReferenceMaker,0.0,0.0,1.0,1.0,0.0,-1.0
lombok,lombok.eclipse.handlers,StatementMaker,0.0,0.0,1.0,1.0,0.0,-1.0
lombok,lombok.eclipse.handlers,SingularData,54.0,30.0,1.0,1.0,0.8240740740740741,0.0
lombok,lombok.eclipse.handlers,EclipseSingularizer,276.0,0.0,24.0,15.0,0.9565217391304348,0.5833333333333334
lombok,lombok.eclipse.handlers,HandleAccessors,0.0,0.0,1.0,1.0,0.0,0.0
lombok,lombok.eclipse.handlers,HandleNonNull,45.0,0.0,10.0,1.0,1.0370370370370372,0.0
lombok,lombok.eclipse.handlers,HandleConstructor,273.0,270.0,24.0,3.0,1.0,0.0
lombok,lombok.eclipse.handlers,HandleNoArgsConstructor,0.0,0.0,1.0,1.0,0.0,0.0
lombok,lombok.eclipse.handlers,HandleRequiredArgsConstructor,0.0,0.0,1.0,1.0,0.0,0.0
lombok,lombok.eclipse.handlers,HandleAllArgsConstructor,0.0,0.0,1.0,1.0,0.0,0.0
lombok,lombok.eclipse.handlers,HandleBuilder,304.0,112.0,6.0,3.0,0.9095200629425649,0.09375
lombok,lombok.eclipse.handlers,BuilderJob,62.0,46.0,7.0,4.0,0.9629629629629629,0.0
lombok,lombok.eclipse.handlers,BuilderFieldData,0.0,0.0,12.0,12.0,0.0,-1.0
lombok,lombok.eclipse.handlers,HandleSetter,21.0,0.0,7.0,1.0,0.8333333333333334,0.0
lombok,lombok.eclipse.handlers,EclipseHandlerUtil,12660.0,11459.0,109.0,51.0,0.9853413654618474,0.2874251497005988
lombok,lombok.eclipse.handlers,EclipseReflectiveMembers,10.0,0.0,5.0,5.0,1.25,1.0
lombok,lombok.eclipse.handlers,GetterMethod,0.0,0.0,1.0,1.0,0.0,0.0
lombok,lombok.eclipse.handlers,HandleValue,0.0,0.0,1.0,1.0,0.0,0.0
lombok,lombok.eclipse.handlers,HandleSuperBuilder,617.0,604.0,31.0,7.0,0.9516483516483516,0.16666666666666666
lombok,lombok.eclipse.handlers,SuperBuilderJob,3.0,3.0,3.0,3.0,1.0,0.0
lombok,lombok.eclipse.handlers,HandleSneakyThrows,6.0,2.0,2.0,1.0,0.625,0.0
lombok,lombok.eclipse.handlers,DeclaredException,0.0,0.0,1.0,1.0,0.0,0.0
lombok,lombok.eclipse.handlers,HandlePrintAST,0.0,0.0,1.0,1.0,0.0,0.0
lombok,lombok.eclipse.handlers,HandleBuilderDefault,0.0,0.0,1.0,1.0,0.0,0.0
lombok,lombok.eclipse.handlers,HandleHelper,6.0,0.0,4.0,2.0,0.0,0.5
lombok,lombok.eclipse.handlers,HandleFieldNameConstants,6.0,0.0,4.0,1.0,1.0,0.0
lombok,lombok.eclipse.handlers,HandleFieldDefaults,3.0,0.0,3.0,1.0,1.0,0.0
lombok,lombok.eclipse.handlers,HandleCleanup,6.0,0.0,4.0,1.0,0.0,0.0
lombok,lombok.eclipse.handlers,HandleLockedWrite,1.0,0.0,2.0,2.0,0.5,0.0
lombok,lombok.eclipse.handlers,HandleGetter,45.0,0.0,10.0,1.0,0.9841269841269842,0.0
lombok,lombok.eclipse.handlers,HandleVal,0.0,0.0,1.0,1.0,0.0,0.0
lombok,lombok.eclipse.handlers.singulars,EclipseGuavaTableSingularizer,6.0,0.0,4.0,4.0,1.0,1.0
lombok,lombok.eclipse.handlers.singulars,EclipseGuavaSingularizer,120.0,0.0,16.0,2.0,1.0,0.125
lombok,lombok.eclipse.handlers.singulars,EclipseGuavaSetListSingularizer,6.0,0.0,4.0,4.0,1.0,1.0
lombok,lombok.eclipse.handlers.singulars,EclipseJavaUtilSetSingularizer,6.0,0.0,4.0,4.0,1.0,1.0
lombok,lombok.eclipse.handlers.singulars,EclipseGuavaMapSingularizer,6.0,0.0,4.0,4.0,1.0,1.0
lombok,lombok.eclipse.handlers.singulars,EclipseJavaUtilListSetSingularizer,28.0,0.0,8.0,5.0,0.0,0.25
lombok,lombok.eclipse.handlers.singulars,EclipseJavaUtilListSingularizer,6.0,0.0,4.0,4.0,1.0,1.0
lombok,lombok.eclipse.handlers.singulars,EclipseJavaUtilSingularizer,6.0,0.0,6.0,5.0,1.1904761904761905,0.75
lombok,lombok.eclipse.handlers.singulars,EclipseJavaUtilMapSingularizer,66.0,0.0,12.0,9.0,1.0,0.4166666666666667
lombok,lombok.core,CleanupTask,0.0,0.0,1.0,1.0,0.0,-1.0
lombok,lombok.core,PublicApiCreatorApp,28.0,0.0,8.0,4.0,0.0,0.5
lombok,lombok.core,Fail,0.0,0.0,1.0,1.0,0.0,0.0
lombok,lombok.core,LombokConfiguration,28.0,0.0,8.0,7.0,0.9047619047619048,0.625
lombok,lombok.core,AST,633.0,600.0,20.0,11.0,0.9551282051282052,0.2702702702702703
lombok,lombok.core,FieldAccess,0.0,0.0,1.0,1.0,0.0,0.0
lombok,lombok.core,AnnotationValues,380.0,232.0,8.0,1.0,0.9010416666666666,0.0
lombok,lombok.core,AnnotationValue,5.0,0.0,1.0,1.0,0.75,0.0
lombok,lombok.core,AnnotationValueDecodeFail,0.0,0.0,1.0,1.0,0.0,0.0
lombok,lombok.core,DiagnosticsReceiver,6.0,0.0,5.0,5.0,1.3333333333333333,-1.0
lombok,lombok.core,LombokNode,566.0,537.0,23.0,13.0,0.9117647058823529,0.37142857142857144
lombok,lombok.core,PostCompilerTransformation,0.0,0.0,1.0,1.0,0.0,-1.0
lombok,lombok.core,CleanupRegistry,3.0,0.0,1.0,1.0,0.41666666666666663,0.0
lombok,lombok.core,CleanupKey,0.0,0.0,1.0,1.0,-0.0,0.0
lombok,lombok.core,ImportList,10.0,0.0,5.0,5.0,0.0,-1.0
lombok,lombok.core,TypeLibrary,11.0,0.0,2.0,1.0,0.5357142857142857,0.0
lombok,lombok.core,AgentLauncher,10.0,0.0,5.0,5.0,1.0,1.0
lombok,lombok.core,AgentLaunchable,0.0,0.0,1.0,1.0,0.0,-1.0
lombok,lombok.core,AgentInfo,1.0,0.0,2.0,1.0,0.0,0.0
lombok,lombok.core,EclipsePatcherInfo,0.0,0.0,1.0,1.0,0.0,0.0
lombok,lombok.core,PostCompiler,10.0,0.0,5.0,2.0,0.75,0.4
lombok,lombok.core,LombokInternalAliasing,0.0,0.0,1.0,1.0,0.0,0.0
lombok,lombok.core,GuavaTypeMap,1.0,0.0,2.0,2.0,1.0,1.0
lombok,lombok.core,Main,54.0,42.0,7.0,7.0,0.8181818181818182,0.5833333333333334
lombok,lombok.core,VersionApp,6.0,0.0,4.0,4.0,0.0,1.0
lombok,lombok.core,LicenseApp,6.0,0.0,4.0,4.0,0.0,1.0
lombok,lombok.core,TypeResolver,2.0,1.0,2.0,1.0,0.5,0.0
lombok,lombok.core,AnnotationProcessor,155.0,139.0,13.0,8.0,0.9027777777777778,0.42105263157894735
lombok,lombok.core,ProcessorDescriptor,3.0,0.0,3.0,3.0,0.0,1.0
lombok,lombok.core,JavacDescriptor,5.0,4.0,3.0,2.0,0.6666666666666666,0.5
lombok,lombok.core,EcjDescriptor,3.0,0.0,3.0,3.0,0.0,1.0
lombok,lombok.core,Augments,0.0,0.0,1.0,1.0,0.0,0.0
lombok,lombok.core,Version,15.0,0.0,6.0,4.0,0.6,0.3333333333333333
lombok,lombok.core,LombokApp,10.0,0.0,5.0,5.0,0.0,1.0
lombok,lombok.core,FieldSelect,0.0,0.0,1.0,1.0,-0.0,0.0
lombok,lombok.core,SpiLoadUtil,55.0,0.0,11.0,9.0,0.0,0.8181818181818182
lombok,lombok.core,ClassLiteral,0.0,0.0,1.0,1.0,-0.0,0.0
lombok,lombok.core,JavaIdentifiers,6.0,0.0,4.0,3.0,1.0,0.75
lombok,lombok.core,LombokImmutableList,258.0,138.0,13.0,12.0,0.7530864197530863,0.42857142857142855
lombok,lombok.core,FieldAugment,725.0,589.0,17.0,9.0,0.8726287262872628,0.19047619047619047
lombok,lombok.core,InterfaceFieldAugment,27.0,26.0,7.0,1.0,0.9047619047619048,0.0
lombok,lombok.core,ReflectionFieldAugment,0.0,0.0,1.0,1.0,0.041666666666666664,0.0
lombok,lombok.core,MapFieldAugment,7.0,0.0,1.0,1.0,0.5,0.0
lombok,lombok.core,MapWeakFieldAugment,3.0,0.0,3.0,3.0,0.0,0.0
lombok,lombok.core.configuration,FileSystemSourceCache,25.0,22.0,5.0,2.0,0.9,0.0
lombok,lombok.core.configuration,Content,1.0,1.0,2.0,2.0,1.0,1.0
lombok,lombok.core.configuration,ConfigurationKeysLoader,1.0,0.0,2.0,2.0,1.0,-1.0
lombok,lombok.core.configuration,LoaderLoader,1.0,0.0,2.0,2.0,1.0,1.0
lombok,lombok.core.configuration,AllowHelper,1.0,0.0,2.0,2.0,1.0,1.0
lombok,lombok.core.configuration,BubblingConfigurationResolver,0.0,0.0,1.0,1.0,-0.0,0.0
lombok,lombok.core.configuration,TypeName,15.0,0.0,3.0,3.0,0.25,0.3333333333333333
lombok,lombok.core.configuration,LogDeclaration,65.0,39.0,6.0,4.0,0.7802197802197802,0.2857142857142857
lombok,lombok.core.configuration,ConfigurationFile,677.0,534.0,16.0,13.0,0.9455882352941176,0.21951219512195122
lombok,lombok.core.configuration,RegularConfigurationFile,13.0,0.0,3.0,1.0,0.6428571428571429,0.0
lombok,lombok.core.configuration,ArchivedConfigurationFile,26.0,7.0,3.0,2.0,0.8333333333333334,0.2
lombok,lombok.core.configuration,CharSequenceConfigurationFile,13.0,11.0,4.0,4.0,0.8,0.6666666666666666
lombok,lombok.core.configuration,ConfigurationParser,25.0,22.0,6.0,6.0,0.9285714285714286,0.75
lombok,lombok.core.configuration,Collector,10.0,0.0,5.0,5.0,0.0,-1.0
lombok,lombok.core.configuration,ConfigurationResolverFactory,0.0,0.0,1.0,1.0,0.0,-1.0
lombok,lombok.core.configuration,ConfigurationSource,23.0,10.0,4.0,4.0,0.8125,-1.0
lombok,lombok.core.configuration,Result,1.0,0.0,1.0,1.0,0.3333333333333333,0.0
lombok,lombok.core.configuration,ListModification,1.0,0.0,1.0,1.0,0.5,0.0
lombok,lombok.core.configuration,ConfigurationProblemReporter,1.0,0.0,3.0,3.0,2.0,-1.0
lombok,lombok.core.configuration,ConfigurationValueType,0.0,0.0,0.0,0.0,0.0,-1.0
lombok,lombok.core.configuration,ConfigurationResolver,0.0,0.0,1.0,1.0,0.0,-1.0
lombok,lombok.core.configuration,SingleConfigurationSource,32.0,19.0,4.0,4.0,0.6666666666666666,0.0
lombok,lombok.core.configuration,CheckerFrameworkVersion,27.0,0.0,4.0,4.0,0.9800000000000001,0.2727272727272727
lombok,lombok.core.configuration,ConfigurationDataType,491.0,486.0,29.0,25.0,0.956989247311828,0.78125
lombok,lombok.core.configuration,IdentifierName,15.0,0.0,3.0,3.0,0.25,0.3333333333333333
lombok,lombok.core.configuration,NullAnnotationLibrary,28.0,20.0,4.0,3.0,1.025,0.3333333333333333
lombok,lombok.core.configuration,ConfigurationFileToSource,0.0,0.0,1.0,1.0,0.0,-1.0
lombok,lombok.core.configuration,ConfigurationKey,24.0,3.0,2.0,2.0,0.7936507936507936,0.0
lombok,lombok.core.configuration,ConfigurationApp,203.0,130.0,8.0,7.0,0.8913043478260869,0.2916666666666667
lombok,lombok.core.configuration,CmdArgs,0.0,0.0,6.0,6.0,0.0,-1.0
lombok,lombok.core.configuration,Source,0.0,0.0,1.0,1.0,0.0,0.0
lombok,lombok.core.configuration,ConfigurationValueParser,3.0,0.0,3.0,3.0,0.0,-1.0
lombok,lombok.core.handlers,InclusionExclusionUtils,96.0,87.0,9.0,6.0,0.8928571428571429,0.4
lombok,lombok.core.handlers,Included,6.0,2.0,1.0,1.0,0.75,0.0
lombok,lombok.core.handlers,SneakyThrowsAndCleanupDependencyInfo,1.0,0.0,2.0,2.0,0.0,1.0
lombok,lombok.core.handlers,Singulars,0.0,0.0,1.0,1.0,0.0,0.0
lombok,lombok.core.handlers,LoggingFramework,3.0,0.0,1.0,1.0,1.1515151515151516,0.0
lombok,lombok.core.handlers,HandlerUtil,779.0,778.0,39.0,21.0,1.0085470085470085,0.5
lombok,lombok.core.runtimeDependencies,RuntimeDependencyInfo,1.0,0.0,2.0,2.0,0.0,-1.0
lombok,lombok.core.runtimeDependencies,CreateLombokRuntimeApp,52.0,49.0,9.0,5.0,0.96,0.45454545454545453
lombok,lombok.core.runtimeDependencies,CmdArgs,0.0,0.0,4.0,4.0,0.0,-1.0
lombok,lombok.core.runtimeDependencies,Fail,0.0,0.0,1.0,1.0,0.0,0.0
lombok,lombok.core.debug,DebugSnapshotStore,0.0,0.0,1.0,1.0,0.5,0.0
lombok,lombok.core.debug,ProblemReporter,91.0,0.0,14.0,11.0,0.967032967032967,0.7857142857142857
lombok,lombok.core.debug,ErrorLogger,3.0,0.0,3.0,3.0,0.0,-1.0
lombok,lombok.core.debug,TerminalLogger,3.0,0.0,3.0,3.0,0.0,1.0
lombok,lombok.core.debug,EclipseWorkspaceLogger,6.0,0.0,4.0,1.0,1.0,0.0
lombok,lombok.core.debug,DebugSnapshot,7.0,4.0,2.0,2.0,0.8333333333333333,0.4
lombok,lombok.core.debug,AssertionLogger,10.0,0.0,5.0,3.0,0.8125,0.4
lombok,lombok.core.debug,HistogramTracker,12.0,3.0,2.0,2.0,0.7222222222222223,0.2857142857142857
lombok,lombok.core.debug,FileLog,3.0,0.0,3.0,2.0,0.5,0.0
lombok,lombok.javac,Javac6BasedLombokOptions,3.0,0.0,3.0,3.0,1.0,1.0
lombok,lombok.javac,JavacASTVisitor,1285.0,1085.0,34.0,34.0,0.8240740740740741,-1.0
lombok,lombok.javac,Printer,235.0,35.0,9.0,8.0,0.6724137931034483,0.26666666666666666
lombok,lombok.javac,JavacResolution,591.0,516.0,18.0,8.0,0.9325396825396824,0.21621621621621623
lombok,lombok.javac,EnvFinder,13.0,0.0,2.0,2.0,0.59375,0.2222222222222222
lombok,lombok.javac,TypeNotConvertibleException,0.0,0.0,1.0,1.0,0.0,0.0
lombok,lombok.javac,ReflectiveAccess,0.0,0.0,1.0,1.0,0.0,0.0
lombok,lombok.javac,ArgumentAttrReflect,1.0,0.0,2.0,2.0,-0.0,0.0
lombok,lombok.javac,Javac8BasedLombokOptions,3.0,0.0,3.0,3.0,0.0,1.0
lombok,lombok.javac,JavacAnnotationHandler,3.0,3.0,3.0,3.0,1.0,1.0
lombok,lombok.javac,Javac9BasedLombokOptions,3.0,0.0,3.0,3.0,0.0,1.0
lombok,lombok.javac,CompilerMessageSuppressor,93.0,15.0,6.0,4.0,0.911522633744856,0.10526315789473684
lombok,lombok.javac,WriterField,10.0,0.0,7.0,7.0,1.25,-1.0
lombok,lombok.javac,Java8WriterField,0.0,0.0,1.0,1.0,0.25,0.0
lombok,lombok.javac,Java9WriterField,0.0,0.0,1.0,1.0,0.16666666666666674,0.0
lombok,lombok.javac,JavacAST,2048.0,1951.0,40.0,12.0,0.9811538461538462,0.18181818181818182
lombok,lombok.javac,ErrorLog,47.0,39.0,5.0,2.0,0.85,0.18181818181818182
lombok,lombok.javac,JdkBefore9,10.0,0.0,5.0,5.0,0.0,0.0
lombok,lombok.javac,Jdk9Plus,0.0,0.0,1.0,1.0,0.6,0.0
lombok,lombok.javac,LombokOptions,25.0,22.0,5.0,5.0,0.8571428571428571,0.625
lombok,lombok.javac,FindTypeVarScanner,65.0,64.0,11.0,6.0,0.9090909090909091,0.5
lombok,lombok.javac,HandlerLibrary,191.0,151.0,7.0,3.0,0.9217687074829932,0.0
lombok,lombok.javac,VisitorContainer,1.0,0.0,1.0,1.0,0.6666666666666666,0.0
lombok,lombok.javac,AnnotationHandlerContainer,6.0,2.0,1.0,1.0,0.75,0.0
lombok,lombok.javac,JavacNode,374.0,283.0,18.0,10.0,0.5666666666666667,0.3225806451612903
lombok,lombok.javac,JavacASTAdapter,300.0,0.0,25.0,25.0,0.0,1.0
lombok,lombok.javac,JavacTransformer,3.0,0.0,1.0,1.0,0.4333333333333333,0.0
lombok,lombok.javac,AnnotationVisitor,0.0,0.0,1.0,1.0,-0.0,0.0
lombok,lombok.javac,JavacAugments,0.0,0.0,1.0,1.0,0.0,0.0
lombok,lombok.javac,JavacImportList,19.0,10.0,4.0,2.0,0.5714285714285714,0.25
lombok,lombok.javac,CapturingDiagnosticListener,33.0,11.0,2.0,2.0,0.7333333333333334,0.18181818181818182
lombok,lombok.javac,CompilerMessage,9.0,0.0,1.0,1.0,0.5357142857142857,0.0
lombok,lombok.javac,JavacTreeMaker,5983.0,5750.0,81.0,73.0,0.9932892075749219,0.48214285714285715
lombok,lombok.javac,FieldId,0.0,0.0,1.0,1.0,0.0,0.0
lombok,lombok.javac,MethodId,0.0,0.0,1.0,1.0,-0.0,0.0
lombok,lombok.javac,SchroedingerType,7.0,4.0,3.0,3.0,0.75,0.6
lombok,lombok.javac,TypeTag,10.0,0.0,5.0,4.0,0.9166666666666667,0.6
lombok,lombok.javac,TreeTag,10.0,0.0,5.0,5.0,1.0,0.8
lombok,lombok.javac,Case,0.0,0.0,0.0,0.0,0.0,-1.0
lombok,lombok.javac,CommentCatcher,25.0,22.0,6.0,4.0,0.8571428571428571,0.375
lombok,lombok.javac,TreeMirrorMaker,27.0,0.0,4.0,4.0,0.3,0.36363636363636365
lombok,lombok.javac,Javac,630.0,0.0,36.0,18.0,1.0171428571428571,0.4166666666666667
lombok,lombok.javac,JavadocOps_8,45.0,0.0,10.0,9.0,0.8888888888888888,0.8
lombok,lombok.javac,JCNoType,3.0,0.0,3.0,3.0,0.0,1.0
lombok,lombok.javac,CommentInfo,0.0,0.0,1.0,1.0,0.5833333333333334,0.0
lombok,lombok.javac,PackageName,3.0,0.0,3.0,2.0,1.0,0.6666666666666666
lombok,lombok.javac.apt,LombokProcessor,503.0,478.0,24.0,12.0,0.96875,0.36363636363636365
lombok,lombok.javac.apt,InterceptingJavaFileObject,17.0,0.0,2.0,2.0,0.6911764705882353,0.1111111111111111
lombok,lombok.javac.apt,MessagerDiagnosticsReceiver,0.0,0.0,1.0,1.0,-0.0,0.0
lombok,lombok.javac.apt,Javac6BaseFileObjectWrapper,0.0,0.0,1.0,1.0,-0.0,0.0
lombok,lombok.javac.apt,InterceptingJavaFileManager,0.0,0.0,1.0,1.0,-0.0,0.0
lombok,lombok.javac.apt,Javac9JavaFileObjectWrapper,0.0,0.0,1.0,1.0,-0.0,0.0
lombok,lombok.javac.apt,Processor,66.0,0.0,12.0,3.0,0.0,0.25
lombok,lombok.javac.apt,LombokFileObject,0.0,0.0,1.0,1.0,0.0,-1.0
lombok,lombok.javac.apt,Javac7BaseFileObjectWrapper,0.0,0.0,1.0,1.0,-0.0,0.0
lombok,lombok.javac.apt,LombokFileObjects,54.0,53.0,12.0,11.0,1.0,0.8181818181818182
lombok,lombok.javac.apt,Compiler,14.0,13.0,9.0,9.0,1.0666666666666667,-1.0
lombok,lombok.javac.apt,Javac9BaseFileObjectWrapper,0.0,0.0,1.0,1.0,-0.0,0.0
lombok,lombok.javac.apt,Java9Compiler,79.0,0.0,5.0,3.0,0.6111111111111112,0.15789473684210525
lombok,lombok.javac.apt,FileManagerWrapper,0.0,0.0,1.0,1.0,-0.0,0.0
lombok,lombok.javac.handlers,HandleWithBy,15.0,0.0,6.0,1.0,1.0,0.0
lombok,lombok.javac.handlers,HandleUtilityClass,15.0,0.0,6.0,1.0,0.0,0.0
lombok,lombok.javac.handlers,HandleStandardException,45.0,0.0,10.0,2.0,0.0,0.2
lombok,lombok.javac.handlers,HandleWith,15.0,0.0,6.0,1.0,0.0,0.0
lombok,lombok.javac.handlers,HandleEqualsAndHashCode,91.0,0.0,14.0,4.0,0.8974358974358974,0.21428571428571427
lombok,lombok.javac.handlers,HandleDelegate,71.0,22.0,5.0,4.0,0.9055555555555556,0.1875
lombok,lombok.javac.handlers,CantMakeDelegates,0.0,0.0,1.0,1.0,0.0,-1.0
lombok,lombok.javac.handlers,DelegateRecursion,0.0,0.0,1.0,1.0,0.0,0.0
lombok,lombok.javac.handlers,MethodSig,1.0,0.0,1.0,1.0,0.5,0.0
lombok,lombok.javac.handlers,Unannotated,0.0,0.0,1.0,1.0,0.0,0.0
lombok,lombok.javac.handlers,JavacHandlerUtil,15424.0,14917.0,132.0,59.0,0.9787765293383272,0.29608938547486036
lombok,lombok.javac.handlers,MarkingScanner,0.0,0.0,1.0,1.0,-0.0,0.0
lombok,lombok.javac.handlers,RecordComponentReflect,0.0,0.0,1.0,1.0,0.0,0.0
lombok,lombok.javac.handlers,GetterMethod,0.0,0.0,1.0,1.0,0.0,0.0
lombok,lombok.javac.handlers,JCAnnotatedTypeReflect,10.0,0.0,5.0,5.0,0.9375,0.8
lombok,lombok.javac.handlers,JCAnnotationReflect,1.0,0.0,2.0,2.0,-0.0,0.0
lombok,lombok.javac.handlers,ClassSymbolMembersField,1.0,0.0,2.0,2.0,0.6666666666666667,0.0
lombok,lombok.javac.handlers,EnterReflect,1.0,0.0,2.0,2.0,1.0,1.0
lombok,lombok.javac.handlers,HandleSynchronized,0.0,0.0,1.0,1.0,0.0,0.0
lombok,lombok.javac.handlers,JavacSingularsRecipes,1380.0,1329.0,34.0,33.0,0.9536878216123499,0.6111111111111112
lombok,lombok.javac.handlers,ExpressionMaker,0.0,0.0,1.0,1.0,0.0,-1.0
lombok,lombok.javac.handlers,StatementMaker,0.0,0.0,1.0,1.0,0.0,-1.0
lombok,lombok.javac.handlers,SingularData,36.0,17.0,1.0,1.0,0.8,0.0
lombok,lombok.javac.handlers,JavacSingularizer,630.0,0.0,36.0,17.0,0.0,0.4722222222222222
lombok,lombok.javac.handlers,HandleLockedUtil,6.0,0.0,4.0,3.0,0.888888888888889,0.75
lombok,lombok.javac.handlers,HandleJacksonized,3.0,0.0,3.0,1.0,0.0,0.0
lombok,lombok.javac.handlers,HandleLog,91.0,0.0,14.0,3.0,1.0,0.21428571428571427
lombok,lombok.javac.handlers,HandleCommonsLog,0.0,0.0,1.0,1.0,0.0,0.0
lombok,lombok.javac.handlers,HandleJulLog,0.0,0.0,1.0,1.0,0.0,0.0
lombok,lombok.javac.handlers,HandleLog4jLog,0.0,0.0,1.0,1.0,0.0,0.0
lombok,lombok.javac.handlers,HandleLog4j2Log,0.0,0.0,1.0,1.0,0.0,0.0
lombok,lombok.javac.handlers,HandleSlf4jLog,0.0,0.0,1.0,1.0,0.0,0.0
lombok,lombok.javac.handlers,HandleXSlf4jLog,0.0,0.0,1.0,1.0,0.0,0.0
lombok,lombok.javac.handlers,HandleJBossLog,0.0,0.0,1.0,1.0,0.0,0.0
lombok,lombok.javac.handlers,HandleFloggerLog,0.0,0.0,1.0,1.0,0.0,0.0
lombok,lombok.javac.handlers,HandleCustomLog,0.0,0.0,1.0,1.0,0.0,0.0
lombok,lombok.javac.handlers,HandleData,0.0,0.0,1.0,1.0,0.0,0.0
lombok,lombok.javac.handlers,HandleSingularRemove,0.0,0.0,1.0,1.0,0.0,0.0
lombok,lombok.javac.handlers,HandleLockedRead,0.0,0.0,1.0,1.0,0.0,0.0
lombok,lombok.javac.handlers,HandleToString,10.0,0.0,5.0,4.0,0.0,0.8
lombok,lombok.javac.handlers,HandleLocked,0.0,0.0,1.0,1.0,0.0,0.0
lombok,lombok.javac.handlers,HandleExtensionMethod,33.0,21.0,4.0,3.0,0.8222222222222223,0.3
lombok,lombok.javac.handlers,Extension,0.0,0.0,1.0,1.0,0.0,0.0
lombok,lombok.javac.handlers,ExtensionMethodReplaceVisitor,9.0,3.0,3.0,1.0,0.6666666666666667,0.0
lombok,lombok.javac.handlers,HandleAccessors,0.0,0.0,1.0,1.0,0.0,0.0
lombok,lombok.javac.handlers,HandleNonNull,15.0,0.0,6.0,1.0,0.0,0.0
lombok,lombok.javac.handlers,HandleConstructor,273.0,270.0,24.0,3.0,1.0,0.0
lombok,lombok.javac.handlers,HandleNoArgsConstructor,0.0,0.0,1.0,1.0,0.0,0.0
lombok,lombok.javac.handlers,HandleRequiredArgsConstructor,0.0,0.0,1.0,1.0,0.0,0.0
lombok,lombok.javac.handlers,HandleAllArgsConstructor,0.0,0.0,1.0,1.0,0.0,0.0
lombok,lombok.javac.handlers,HandleBuilder,207.0,63.0,5.0,2.0,0.8981288981288981,0.07407407407407407
lombok,lombok.javac.handlers,BuilderJob,30.0,15.0,8.0,6.0,0.9791666666666666,0.0
lombok,lombok.javac.handlers,BuilderFieldData,0.0,0.0,12.0,12.0,0.0,-1.0
lombok,lombok.javac.handlers,HandleSetter,45.0,0.0,10.0,1.0,0.8888888888888888,0.0
lombok,lombok.javac.handlers,HandleValue,0.0,0.0,1.0,1.0,0.0,0.0
lombok,lombok.javac.handlers,HandleSuperBuilder,451.0,437.0,26.0,9.0,0.9299999999999999,0.25806451612903225
lombok,lombok.javac.handlers,SuperBuilderJob,3.0,3.0,3.0,3.0,1.0,0.0
lombok,lombok.javac.handlers,HandleSneakyThrows,6.0,0.0,4.0,1.0,0.0,0.0
lombok,lombok.javac.handlers,HandlePrintAST,0.0,0.0,1.0,1.0,0.0,0.0
lombok,lombok.javac.handlers,HandleBuilderDefault,0.0,0.0,1.0,1.0,0.0,0.0
lombok,lombok.javac.handlers,HandleHelper,10.0,0.0,5.0,3.0,0.0,0.6
lombok,lombok.javac.handlers,HandleBuilderDefaultRemove,0.0,0.0,1.0,1.0,0.0,0.0
lombok,lombok.javac.handlers,HandleFieldNameConstants,6.0,0.0,4.0,2.0,1.0,0.5
lombok,lombok.javac.handlers,HandleFieldDefaults,3.0,0.0,3.0,1.0,0.0,0.0
lombok,lombok.javac.handlers,HandleCleanup,6.0,0.0,4.0,1.0,0.0,0.0
lombok,lombok.javac.handlers,HandleLockedWrite,0.0,0.0,1.0,1.0,0.0,0.0
lombok,lombok.javac.handlers,HandleSuperBuilderRemove,0.0,0.0,1.0,1.0,0.0,0.0
lombok,lombok.javac.handlers,HandleGetter,78.0,0.0,13.0,1.0,0.9375,0.0
lombok,lombok.javac.handlers,HandleBuilderRemove,0.0,0.0,1.0,1.0,0.0,0.0
lombok,lombok.javac.handlers,HandleVal,3.0,0.0,3.0,2.0,1.0,0.6666666666666666
lombok,lombok.javac.handlers,EnhancedForLoopReflect,0.0,0.0,1.0,1.0,0.0,0.0
lombok,lombok.javac.handlers.singulars,JavacJavaUtilSetSingularizer,3.0,0.0,3.0,3.0,0.0,1.0
lombok,lombok.javac.handlers.singulars,JavacJavaUtilSingularizer,3.0,0.0,3.0,2.0,0.0,0.6666666666666666
lombok,lombok.javac.handlers.singulars,JavacGuavaSingularizer,105.0,0.0,15.0,5.0,0.0,0.3333333333333333
lombok,lombok.javac.handlers.singulars,JavacJavaUtilListSetSingularizer,66.0,0.0,12.0,12.0,0.0,1.0
lombok,lombok.javac.handlers.singulars,JavacGuavaTableSingularizer,6.0,0.0,4.0,4.0,1.0,1.0
lombok,lombok.javac.handlers.singulars,JavacJavaUtilMapSingularizer,120.0,0.0,16.0,16.0,0.0,1.0
lombok,lombok.javac.handlers.singulars,JavacGuavaSetListSingularizer,6.0,0.0,4.0,4.0,1.0,1.0
lombok,lombok.javac.handlers.singulars,JavacGuavaMapSingularizer,6.0,0.0,4.0,4.0,1.0,1.0
lombok,lombok.javac.handlers.singulars,JavacJavaUtilListSingularizer,6.0,0.0,4.0,3.0,0.0,0.75
lombok,lombok.bytecode,AsmUtil,3.0,0.0,3.0,3.0,0.0,1.0
lombok,lombok.bytecode,PostCompilerApp,36.0,36.0,9.0,4.0,1.0,0.4444444444444444
lombok,lombok.bytecode,CmdArgs,0.0,0.0,3.0,3.0,0.0,-1.0
lombok,lombok.bytecode,PoolConstantsApp,6.0,6.0,4.0,4.0,1.0,1.0
lombok,lombok.bytecode,CmdArgs,0.0,0.0,2.0,2.0,0.0,-1.0
lombok,lombok.bytecode,ClassFileMetaData,265.0,95.0,5.0,1.0,0.8910344827586207,0.0
lombok,lombok.bytecode,PreventNullAnalysisRemover,6.0,0.0,4.0,4.0,0.0,1.0
lombok,lombok.bytecode,PreventNullAnalysisVisitor,1.0,0.0,2.0,2.0,0.0,1.0
lombok,lombok.bytecode,SneakyThrowsRemover,247.0,241.0,20.0,20.0,0.8636363636363636,0.8695652173913043
lombok,lombok.bytecode,SneakyThrowsRemoverVisitor,207.0,204.0,19.0,2.0,0.9,0.09523809523809523
lombok,lombok.bytecode,FixedClassWriter,3.0,0.0,3.0,3.0,0.0,1.0
lombok,lombok.permit,Permit,300.0,0.0,27.0,16.0,1.0083333333333333,0.52
lombok,lombok.permit,Fake,0.0,0.0,2.0,2.0,0.0,-1.0
lombok,lombok.permit.dummy,Child,0.0,0.0,3.0,3.0,0.0,-1.0
lombok,lombok.permit.dummy,GrandChild,0.0,0.0,14.0,14.0,0.0,-1.0
lombok,lombok.permit.dummy,Parent,0.0,0.0,2.0,2.0,0.0,-1.0
lombok,lombok.javac.java8,CommentCollectingParser,0.0,0.0,1.0,1.0,-0.0,0.0
lombok,lombok.javac.java8,CommentCollectingTokenizer,97.0,89.0,10.0,5.0,0.9,0.26666666666666666
lombok,lombok.javac.java8,PositionUnicodeReader,3.0,0.0,3.0,3.0,0.0,1.0
lombok,lombok.javac.java8,CommentCollectingScannerFactory,15.0,0.0,6.0,5.0,1.0,0.8333333333333334
lombok,lombok.javac.java8,MyFactory,1.0,0.0,2.0,2.0,0.0,1.0
lombok,lombok.javac.java8,CommentCollectingScanner,0.0,0.0,1.0,1.0,-0.0,0.0
lombok,lombok.javac.java8,CommentCollectingParserFactory,4.0,0.0,2.0,2.0,0.25,0.4
lombok,lombok.javac.java6,CommentCollectingParser,0.0,0.0,1.0,1.0,-0.0,0.0
lombok,lombok.javac.java6,CommentCollectingScannerFactory,15.0,0.0,6.0,5.0,0.0,0.8333333333333334
lombok,lombok.javac.java6,MyFactory,1.0,0.0,2.0,2.0,0.0,1.0
lombok,lombok.javac.java6,CommentCollectingScanner,20.0,19.0,6.0,3.0,0.9166666666666666,0.42857142857142855
lombok,lombok.javac.java6,CommentCollectingParserFactory,6.0,0.0,4.0,4.0,0.0,1.0
lombok,lombok.javac.java7,CommentCollectingParser,0.0,0.0,1.0,1.0,-0.0,0.0
lombok,lombok.javac.java7,CommentCollectingScannerFactory,15.0,0.0,6.0,5.0,0.0,0.8333333333333334
lombok,lombok.javac.java7,MyFactory,1.0,0.0,2.0,2.0,0.0,1.0
lombok,lombok.javac.java7,CommentCollectingScanner,20.0,19.0,6.0,3.0,0.9166666666666666,0.42857142857142855
lombok,lombok.javac.java7,CommentCollectingParserFactory,3.0,0.0,2.0,2.0,0.3333333333333333,0.5
lombok,lombok.javac.java9,CommentCollectingParser,0.0,0.0,1.0,1.0,-0.0,0.0
lombok,lombok.javac.java9,CommentCollectingParserFactory,7.0,4.0,3.0,2.0,0.5,0.4
lombok,java.nio.file,Path,0.0,0.0,0.0,0.0,0.0,-1.0
lombok,lombok.delombok.ant,DelombokTaskImpl,0.0,0.0,1.0,1.0,0.0,0.0
lombok,lombok.delombok.ant,Tasks,217.0,203.0,14.0,14.0,0.9653679653679654,0.6363636363636364
lombok,lombok.delombok.ant,Format,0.0,0.0,1.0,1.0,-0.0,0.0
lombok,lombok.delombok.ant,Delombok,132.0,128.0,13.0,9.0,0.975,0.5294117647058824
lombok,lombok.delombok,PrettyPrinter,5636.0,5494.0,79.0,6.0,0.9816545517480098,0.05555555555555555
lombok,lombok.delombok,UncheckedIOException,1.0,0.0,2.0,1.0,0.0,0.0
lombok,lombok.delombok,UnicodeEscapeWriter,0.0,0.0,1.0,1.0,0.375,0.0
lombok,lombok.delombok,DocCommentIntegrator,136.0,0.0,17.0,15.0,1.0,0.8823529411764706
lombok,lombok.delombok,CommentAttacher_8,55.0,0.0,11.0,11.0,0.0,1.0
lombok,lombok.delombok,FormatPreferenceScanner,20.0,19.0,6.0,2.0,0.8333333333333334,0.2857142857142857
lombok,lombok.delombok,LombokOptionsFactory,10.0,0.0,5.0,5.0,0.0,1.0
lombok,lombok.delombok,FormatPreferences,81.0,71.0,4.0,3.0,0.93006993006993,0.21428571428571427
lombok,lombok.delombok,DelombokResult,1.0,0.0,1.0,1.0,0.5333333333333333,0.0
lombok,lombok.delombok,DelombokApp,147.0,141.0,15.0,7.0,0.8235294117647058,0.3888888888888889
lombok,lombok.delombok,Delombok,973.0,911.0,26.0,12.0,0.9801169590643275,0.10869565217391304
lombok,lombok.delombok,CmdArgs,0.0,0.0,16.0,16.0,0.0,-1.0
lombok,lombok.delombok,InvalidFormatOptionException,0.0,0.0,1.0,1.0,0.0,0.0
lombok,lombok.eclipse.dependencies,UpdateSite,52.0,49.0,8.0,1.0,0.975,0.0
lombok,lombok.eclipse.dependencies,DownloadEclipseDependencies,21.0,0.0,7.0,2.0,0.0,0.2857142857142857
lombok,lombok.eclipse.dependencies.model,Child,0.0,0.0,1.0,1.0,0.0,-1.0
lombok,lombok.eclipse.dependencies.model,Unit,0.0,0.0,2.0,2.0,1.0,0.0
lombok,lombok.eclipse.dependencies.model,Required,0.0,0.0,3.0,3.0,0.0,0.0
lombok,lombok.eclipse.dependencies.model,VersionRangeAdapter,1.0,0.0,2.0,2.0,0.0,1.0
lombok,lombok.eclipse.dependencies.model,VersionAdapter,1.0,0.0,2.0,2.0,0.0,1.0
lombok,lombok.eclipse.dependencies.model,VersionRange,0.0,0.0,1.0,1.0,0.3571428571428572,0.0
lombok,lombok.eclipse.dependencies.model,Repository,0.0,0.0,2.0,2.0,0.0,-1.0
lombok,lombok.eclipse.dependencies.model,Provided,0.0,0.0,1.0,1.0,0.0,0.0
lombok,lombok.eclipse.dependencies.model,Version,0.0,0.0,1.0,1.0,-0.0,0.0
lombok,lombok.website,CompileChangelog,55.0,0.0,11.0,1.0,0.0,0.0
lombok,lombok.website,FetchCurrentVersion,3.0,0.0,3.0,2.0,1.0,0.6666666666666666
lombok,lombok.website,RunSite,22.0,16.0,5.0,2.0,0.7857142857142857,0.25
lombok,lombok.website,Opener,0.0,0.0,1.0,1.0,0.0,0.0
lombok,lombok.website,WebsiteMaker,435.0,374.0,16.0,6.0,0.8655913978494624,0.1875
lombok,lombok.website,VersionFinder,3.0,0.0,3.0,1.0,0.0,0.0
lombok,lombok.website,HtmlMaker,3.0,0.0,2.0,1.0,0.3333333333333333,0.0
lombok,lombok.website,Domain,0.0,0.0,1.0,1.0,0.5,0.0
lombok,lombok.publish,PublishToBucket,12.0,9.0,4.0,2.0,0.8400000000000001,0.3333333333333333
lombok,lombok.publish,AppException,0.0,0.0,1.0,1.0,0.0,0.0
lombok,lombok.eclipseCreate,CreateEclipseDebugTarget,40.0,14.0,4.0,3.0,0.5909090909090909,0.25
lombok,lombok.eclipseCreate,InvalidCommandLineException,1.0,0.0,2.0,2.0,0.0,1.0
lombok,lombok.eclipse.agent,PatchDelegate,1558.0,1463.0,37.0,30.0,0.9657477025898079,0.5
lombok,lombok.eclipse.agent,ClassScopeEntry,0.0,0.0,2.0,2.0,0.0,0.0
lombok,lombok.eclipse.agent,CantMakeDelegates,0.0,0.0,1.0,1.0,0.0,-1.0
lombok,lombok.eclipse.agent,TypeVarFinder,0.0,0.0,1.0,1.0,-0.0,0.0
lombok,lombok.eclipse.agent,EclipseTypeBindingScanner,36.0,0.0,9.0,1.0,0.0,0.0
lombok,lombok.eclipse.agent,EclipseOnlyMethods,90.0,89.0,13.0,10.0,0.9230769230769231,0.7142857142857143
lombok,lombok.eclipse.agent,DelegateSourceMethod,14.0,13.0,5.0,5.0,0.8,0.8333333333333334
lombok,lombok.eclipse.agent,DelegateSourceMethodInfo,0.0,0.0,1.0,1.0,0.0,0.0
lombok,lombok.eclipse.agent,Reflection,0.0,0.0,0.0,0.0,0.0,-1.0
lombok,lombok.eclipse.agent,DelegateRecursion,0.0,0.0,1.0,1.0,0.0,0.0
lombok,lombok.eclipse.agent,BindingTuple,0.0,0.0,1.0,1.0,0.25,0.0
lombok,lombok.eclipse.agent,PatchDiagnostics,0.0,0.0,1.0,1.0,0.0,0.0
lombok,lombok.eclipse.agent,PatchJavadoc,3.0,0.0,3.0,3.0,0.875,0.6666666666666666
lombok,lombok.eclipse.agent,Signature,0.0,0.0,1.0,1.0,0.0,0.0
lombok,lombok.eclipse.agent,Reflection,0.0,0.0,1.0,1.0,0.0,0.0
lombok,lombok.eclipse.agent,PatchExtensionMethodCompletionProposalPortal,0.0,0.0,1.0,1.0,0.0,0.0
lombok,lombok.eclipse.agent,ReflectionForUi,0.0,0.0,0.0,0.0,0.0,-1.0
lombok,lombok.eclipse.agent,EclipseLoaderPatcher,0.0,0.0,1.0,1.0,0.0,0.0
lombok,lombok.eclipse.agent,PatchExtensionMethodCompletionProposal,78.0,0.0,13.0,5.0,0.8796296296296297,0.3076923076923077
lombok,lombok.eclipse.agent,Reflection,6.0,0.0,4.0,4.0,1.0,1.0
lombok,lombok.eclipse.agent,ExtensionMethodCompletionProposal,4.0,2.0,2.0,2.0,0.6666666666666666,0.5
lombok,lombok.eclipse.agent,EclipsePatcher,1128.0,0.0,48.0,9.0,0.0,0.1875
lombok,lombok.eclipse.agent,PatchFixesShadowLoaded,6.0,0.0,4.0,4.0,0.0,1.0
lombok,lombok.eclipse.agent,PatchValEclipsePortal,6.0,0.0,4.0,4.0,1.0666666666666667,0.0
lombok,lombok.eclipse.agent,Reflection,0.0,0.0,0.0,0.0,0.0,-1.0
lombok,lombok.eclipse.agent,EclipseLoaderPatcherTransplants,1.0,0.0,2.0,2.0,0.0,1.0
lombok,lombok.eclipse.agent,PatchValEclipse,45.0,0.0,10.0,1.0,0.9722222222222222,0.0
lombok,lombok.eclipse.agent,Reflection,0.0,0.0,0.0,0.0,0.0,-1.0
lombok,lombok.eclipse.agent,MavenEcjBootstrapApp,30.0,24.0,6.0,3.0,0.875,0.3333333333333333
lombok,lombok.eclipse.agent,CmdArgs,0.0,0.0,3.0,3.0,0.0,-1.0
lombok,lombok.eclipse.agent,PatchDelegatePortal,1.0,0.0,2.0,2.0,1.4285714285714286,1.0
lombok,lombok.eclipse.agent,Reflection,0.0,0.0,0.0,0.0,0.0,-1.0
lombok,lombok.eclipse.agent,PatchExtensionMethod,218.0,136.0,15.0,12.0,0.9340277777777778,0.24
lombok,lombok.eclipse.agent,Extension,0.0,0.0,2.0,2.0,0.0,-1.0
lombok,lombok.eclipse.agent,PostponedNoMethodError,0.0,0.0,1.0,1.0,-0.0,0.0
lombok,lombok.eclipse.agent,PostponedInvalidMethodError,3.0,0.0,2.0,2.0,0.6190476190476191,0.0
lombok,lombok.eclipse.agent,PostponedNonStaticAccessToStaticMethodError,0.0,0.0,1.0,1.0,-0.0,0.0
lombok,lombok.eclipse.agent,PostponedError,0.0,0.0,1.0,1.0,0.0,-1.0
lombok,lombok.eclipse.agent,Reflection,3.0,0.0,3.0,3.0,1.25,1.0
lombok,lombok.eclipse.agent,PatchVal,105.0,0.0,15.0,1.0,1.0,0.0
lombok,lombok.eclipse.agent,Reflection,0.0,0.0,0.0,0.0,0.0,-1.0
lombok,lombok.mapstruct,NotifierHider,1.0,0.0,2.0,2.0,1.0,1.0
lombok,lombok.mapstruct,AstModificationNotifier,1.0,0.0,2.0,1.0,1.0,0.0
lombok,lombok.installer.eclipse,EclipseProductLocation,32.0,9.0,3.0,1.0,0.775,0.0
lombok,lombok.installer.eclipse,EclipseProductLocationProvider,220.0,164.0,13.0,6.0,0.8260869565217391,0.25
lombok,lombok.installer.eclipse,UnixFinder,1.0,0.0,2.0,2.0,0.0,1.0
lombok,lombok.installer.eclipse,WindowsFinder,1.0,0.0,2.0,2.0,0.0,1.0
lombok,lombok.installer.eclipse,MacFinder,1.0,0.0,2.0,2.0,0.0,1.0
lombok,lombok.installer.eclipse,DirectoryFinder,14.0,13.0,5.0,1.0,0.8,0.0
lombok,lombok.installer.eclipse,EclipseLocationProvider,0.0,0.0,1.0,1.0,0.0,0.0
lombok,lombok.installer.eclipse,EclipseProductDescriptor,66.0,0.0,12.0,12.0,0.0,-1.0
lombok,lombok.installer.eclipse,MyEclipseLocationProvider,0.0,0.0,1.0,1.0,0.0,0.0
lombok,lombok.installer.eclipse,RhdsLocationProvider,0.0,0.0,1.0,1.0,0.0,0.0
lombok,lombok.installer.eclipse,JbdsLocationProvider,0.0,0.0,1.0,1.0,0.0,0.0
lombok,lombok.installer.eclipse,StandardProductDescriptor,176.0,162.0,7.0,2.0,0.9597523219814241,0.1
lombok,lombok.installer.eclipse,STS4LocationProvider,0.0,0.0,1.0,1.0,0.0,0.0
lombok,lombok.installer.eclipse,AngularIDELocationProvider,0.0,0.0,1.0,1.0,0.0,0.0
lombok,lombok.installer.eclipse,STSLocationProvider,0.0,0.0,1.0,1.0,0.0,0.0
lombok,lombok.installer.eclipse,RhcrLocationProvider,0.0,0.0,1.0,1.0,0.0,0.0
lombok,lombok.installer,IdeLocationProvider,3.0,0.0,3.0,3.0,0.0,-1.0
lombok,lombok.installer,AppleNativeLook,0.0,0.0,1.0,1.0,0.0,0.0
lombok,lombok.installer,IdeLocation,28.0,0.0,9.0,8.0,1.1428571428571428,0.875
lombok,lombok.installer,OsUtils,20.0,19.0,6.0,4.0,0.9166666666666666,0.5714285714285714
lombok,lombok.installer,Installer,171.0,171.0,19.0,11.0,0.9722222222222222,0.5263157894736842
lombok,lombok.installer,GraphicalInstallerApp,6.0,0.0,4.0,4.0,0.0,1.0
lombok,lombok.installer,CommandLineInstallerApp,3.0,0.0,3.0,3.0,0.0,1.0
lombok,lombok.installer,CommandLineUninstallerApp,3.0,0.0,3.0,3.0,0.0,1.0
lombok,lombok.installer,CmdArgs,0.0,0.0,2.0,2.0,0.0,-1.0
lombok,lombok.installer,InstallerGUI,875.0,372.0,18.0,13.0,0.9489182692307693,0.22641509433962265
lombok,lombok.installer,IdesList,44.0,43.0,9.0,7.0,1.0,0.7
lombok,lombok.installer,JHyperLink,0.0,0.0,1.0,1.0,0.0,0.0
lombok,lombok.installer,UninstallException,2.0,1.0,2.0,2.0,0.5,0.6666666666666666
lombok,lombok.installer,WindowsDriveInfo,10.0,0.0,5.0,1.0,0.0,0.0
lombok,lombok.installer,InstallException,2.0,1.0,2.0,2.0,0.5,0.6666666666666666
lombok,lombok.installer,CorruptedIdeLocationException,0.0,0.0,1.0,1.0,-0.0,0.0
lombok,lombok.spi,SpiProcessor,85.0,79.0,11.0,4.0,0.8461538461538461,0.2857142857142857
lombok,lombok.spi,SpiProcessorCollector,13.0,0.0,1.0,1.0,0.6857142857142857,0.0
lombok,lombok.spi,SpiProcessorService,23.0,10.0,3.0,1.0,0.625,0.0
lombok,lombok.spi,SpiProcessorPersistence,10.0,5.0,3.0,1.0,0.7,0.0
